-- MySQL dump 10.13  Distrib 8.0.19, for Win64 (x86_64)
--
-- Host: localhost    Database: lastdb_3_1_24
-- ------------------------------------------------------
-- Server version	11.3.0-MariaDB

/*!40101 SET @OLD_CHARACTER_SET_CLIENT=@@CHARACTER_SET_CLIENT */;
/*!40101 SET @OLD_CHARACTER_SET_RESULTS=@@CHARACTER_SET_RESULTS */;
/*!40101 SET @OLD_COLLATION_CONNECTION=@@COLLATION_CONNECTION */;
/*!50503 SET NAMES utf8mb4 */;
/*!40103 SET @OLD_TIME_ZONE=@@TIME_ZONE */;
/*!40103 SET TIME_ZONE='+00:00' */;
/*!40014 SET @OLD_UNIQUE_CHECKS=@@UNIQUE_CHECKS, UNIQUE_CHECKS=0 */;
/*!40014 SET @OLD_FOREIGN_KEY_CHECKS=@@FOREIGN_KEY_CHECKS, FOREIGN_KEY_CHECKS=0 */;
/*!40101 SET @OLD_SQL_MODE=@@SQL_MODE, SQL_MODE='NO_AUTO_VALUE_ON_ZERO' */;
/*!40111 SET @OLD_SQL_NOTES=@@SQL_NOTES, SQL_NOTES=0 */;

--
-- Table structure for table `courses`
--

DROP TABLE IF EXISTS `courses`;
/*!40101 SET @saved_cs_client     = @@character_set_client */;
/*!50503 SET character_set_client = utf8mb4 */;
CREATE TABLE `courses` (
  `CourseID` int(11) NOT NULL AUTO_INCREMENT,
  `CourseName` varchar(100) DEFAULT NULL,
  `TeacherID` int(11) DEFAULT NULL,
  PRIMARY KEY (`CourseID`),
  KEY `TeacherID` (`TeacherID`),
  CONSTRAINT `courses_ibfk_1` FOREIGN KEY (`TeacherID`) REFERENCES `teachers` (`TeacherID`)
) ENGINE=InnoDB AUTO_INCREMENT=141 DEFAULT CHARSET=utf8mb4 COLLATE=utf8mb4_general_ci;
/*!40101 SET character_set_client = @saved_cs_client */;

--
-- Dumping data for table `courses`
--

LOCK TABLES `courses` WRITE;
/*!40000 ALTER TABLE `courses` DISABLE KEYS */;
INSERT INTO `courses` VALUES (1,'Алгебра и геометрия',49),(2,'Алгебра и геометрия',71),(3,'Основы Российской государственности',48),(4,'Основы Российской государственности',57),(5,'Основы информатики',19),(6,'Математический анализ',5),(7,'Математический анализ',69),(8,'Математический анализ',12),(9,'Алгоритмизация и программирование',37),(10,'Алгоритмизация и программирование',67),(11,'Языки программирования и методы трансляции',8),(12,'Философия',48),(13,'Современная философия и методология науки ',48),(14,'Русский язык и культура речи',18),(15,'Русский язык и культура речи',66),(16,'Деловое общение на русском языке',66),(17,'Практикум на ЭВМ по языкам  программирования',6),(18,'Практикум на ЭВМ по объектно-ориентированному программированию',6),(19,'Теория систем и системный анализ Коновалов',31),(20,'Дифференциальные уравнения ',62),(21,'Дифференциальные уравнения ',21),(22,'Методы оптимизации и исследование операций',42),(23,'к/в: Компьютерная графика',42),(24,'Разработка программных приложений',17),(25,'Программирование ASP.NET',17),(26,'Основы программирования',17),(27,'к/в: Программирование в Windows и в сетях Windows  ',17),(28,'к/в: Алгоритмы обработки информации',19),(29,'Основы информатики',19),(30,'к/в: Дополнительные главы математической статистики',11),(31,'Технологии больших данных и Data Mining',11),(32,'Практикум по математическому анализу',11),(33,'Практикум по математическому анализу',69),(34,'Практикум по математическому анализу',5),(35,'Теория вероятностей и математическая статистика',11),(36,'Неклассические логики',34),(37,'Иностранный язык',45),(38,' Иностранный язык',75),(39,'Теория автоматов и формальных языков',34),(40,' к/в: Программирование логических контроллеров',34),(41,'Неклассические логики',34),(42,'к/в: Спецификация и верификация программ логических контроллеров',34),(43,'к/в: Глубокое обучение для систем искусственного интеллекта',34),(44,'Технический анализ финансовых рынков',47),(45,'Математика',47),(46,'Вычислительные методы анализа временных рядов ',47),(47,'Математические методы в компьютерных технологиях',47),(48,'к/в: Параллельное и распределенное программирование',2),(49,'к/в: Параллельное программирование',2),(50,'Предметно-ориентированные экономические информационные системы',3),(51,'к/в: Сети Петри',9),(52,'Дискретная математика и математическая логика',9),(53,'к/в: Введение в сетевые технологии',10),(54,'Геометрические вопросы комбинаторной оптимизации',12),(55,'Математический анализ',12),(56,'Дискретная математика и математическая логика',73),(57,'Архитектура компьютеров',73),(58,'Фундаментальные алгоритмы программирования',73),(59,'Технологии функционального программирования в современных информационных системах',15),(60,'Операционные системы',15),(61,'Промышленная разработка веб-приложений',15),(62,'к/в: Операционные системы семейства UNIX и их администрирование',15),(63,'к/в: Программирование в. NET Framework на языке С#',17),(64,'Непрерывные математические модели',21),(65,'к/в: Асимптотические методы нелинейной динамики',21),(66,'Технологии баз данных',22),(67,'Программная инженерия',74),(68,'к/в: Интеллектуальный анализ данных',74),(69,'Программная инженерия',41),(70,'к/в Язык UML и CASE-системы',41),(71,'Практикум ЭВМ по основам программирования',41),(72,'к/в: Нейросети на основе импульсной модели нейрона',31),(73,'к/в: Нейронные сети и нейрокомпьютеры ',31),(74,'Право',35),(75,' Предметно-ориентированные экономические информационные системы',3),(76,'Практика управления проектами демидонлайн',23),(77,'Математическая экономика',62),(78,'Прикладная физическая культура',4),(79,'Экономика фирмы',68),(80,'Финансовый и инвестиционный анализ ИТ-проектов',68),(81,'Менеджмент',68),(82,'Основы бизнеса',68),(83,'Экономическая теория',68),(84,'Оценка бизнес- рисков',68),(85,'Теория вероятностей и математическая статистика',55),(86,'Дискретная математика',55),(87,'Алгебра и геометрия',55),(88,'к/в: Рекурсивно-логическое программирование',8),(89,'к/в: Цифровая обработка сигналов',76),(90,'Теория вероятностей и математическая статистика',76),(91,'к/в: Теория информации',61),(92,'Теория кодирования',61),(93,'Математическая логика и теория алгоритмов',61),(94,'к/в: Глубокое обучение',77),(95,'Глубокое обучение для систем искусственного интеллекта',77),(96,'Моделирование и анализ бизнес- процессов на основе методов искусственного интеллекта',67),(97,'Распределенные системы и технологии',67),(98,'Основы теории игр',67),(99,'Алгоритмизация и программирование',67),(100,'Машинное обучение',77),(101,'Проектный практикум (практика)',84),(102,'к/в: Программные инструменты интеллектуального анализа данных',79),(103,'к/в: Введение в промышленную разработку',79),(104,'Базы данных',79),(105,'к/в: Современные подходы к разработке облачных сервисов',80),(106,'к/в: Введение в сетевые технологии Huawei-1',81),(107,'к/в: Дополнительные главы численных методов',82),(108,'Эконометрика',59),(109,'Информационная безопасность',33),(110,'к/в: Методы сжатия',33),(111,'к/в: Математические методы защиты информации',33),(112,'Концепции современного естествознания',33),(113,'к/в: Разработка программных приложений для ОС Аврора',39),(114,'Основы информатики',39),(115,'Информационные системы и технологии',38),(116,'Объектно-ориентированное программирование',38),(117,'к/в: Распределенные объектные технологии',38),(118,'Информационные системы и технологии',38),(119,'Современные редакторские технологии',70),(120,'Дискретная математика',56),(121,'Математические основы вычислительной техники',56),(122,'История и методология прикладной математики и информатики',69),(123,'Иностранный язык',83),(124,'Проектный практикум (практика)',84),(125,'Проектный практикум',84),(126,'к/в: Информационные системы в менеджменте',60),(127,'Экономика',60),(128,'к/в: Корпоративные CRM-системы',60),(129,'к/в: Управление ИТ- проектами',60),(130,'Интернет- предпринимательство',60),(131,'Бизнес-аналитика',60),(132,'Спортивное программирование',71),(133,'Алгебра и геометрия',71),(134,'Иностранный язык',85),(135,'к/в: Мобильная разработка в 1C',37),(136,'к/в: Основы машинного обучения',77),(137,'Безопасность жизнедеятельности',78);
/*!40000 ALTER TABLE `courses` ENABLE KEYS */;
UNLOCK TABLES;

--
-- Table structure for table `groups`
--

DROP TABLE IF EXISTS `groups`;
/*!40101 SET @saved_cs_client     = @@character_set_client */;
/*!50503 SET character_set_client = utf8mb4 */;
CREATE TABLE `groups` (
  `GroupID` int(11) NOT NULL AUTO_INCREMENT,
  `GroupName` text DEFAULT NULL,
  PRIMARY KEY (`GroupID`)
) ENGINE=InnoDB AUTO_INCREMENT=26 DEFAULT CHARSET=utf8mb4 COLLATE=utf8mb4_general_ci;
/*!40101 SET character_set_client = @saved_cs_client */;

--
-- Dumping data for table `groups`
--

LOCK TABLES `groups` WRITE;
/*!40000 ALTER TABLE `groups` DISABLE KEYS */;
INSERT INTO `groups` VALUES (1,'ИВТ-11БО'),(2,'ИВТ-12БО'),(3,'ИВТ-13БО'),(4,'ИТ-11БО'),(5,'ИТ-12БО'),(6,'ПИЭ-11БО'),(7,'ПИЭ-12БО'),(8,'ИВТ-21БО'),(9,'ИВТ-22БО'),(10,'ИВТ-23БО'),(11,'ИТ-21БО'),(12,'ИТ-22БО'),(13,'ПИЭ-21БО'),(14,'ПИЭ-22БО'),(15,'ИВТ-31БО'),(16,'ИВТ-32БО'),(17,'ИТ-31БО'),(18,'ИТ-32БО'),(19,'ПИЭ-31БО'),(20,'ПИЭ-32БО'),(21,'ИВТ-41БО'),(22,'ИВТ-42БО'),(23,'ИТ-41БО'),(24,'ПИЭ-41БО'),(25,'ПИЭ-42БО');
/*!40000 ALTER TABLE `groups` ENABLE KEYS */;
UNLOCK TABLES;

--
-- Table structure for table `schedule`
--

DROP TABLE IF EXISTS `schedule`;
/*!40101 SET @saved_cs_client     = @@character_set_client */;
/*!50503 SET character_set_client = utf8mb4 */;
CREATE TABLE `schedule` (
  `ScheduleID` int(11) NOT NULL AUTO_INCREMENT,
  `CourseID` int(11) DEFAULT NULL,
  `GroupID` int(11) DEFAULT NULL,
  `DayOfWeek` varchar(15) DEFAULT NULL,
  `LessonNumber` int(11) DEFAULT NULL,
  `RoomNumber` varchar(20) DEFAULT NULL,
  `NumDen` varchar(20) DEFAULT NULL,
  PRIMARY KEY (`ScheduleID`),
  KEY `CourseID` (`CourseID`),
  KEY `GroupID` (`GroupID`),
  CONSTRAINT `schedule_ibfk_1` FOREIGN KEY (`CourseID`) REFERENCES `courses` (`CourseID`),
  CONSTRAINT `schedule_ibfk_2` FOREIGN KEY (`GroupID`) REFERENCES `groups` (`GroupID`)
) ENGINE=InnoDB AUTO_INCREMENT=522 DEFAULT CHARSET=utf8mb4 COLLATE=utf8mb4_general_ci;
/*!40101 SET character_set_client = @saved_cs_client */;

--
-- Dumping data for table `schedule`
--

LOCK TABLES `schedule` WRITE;
/*!40000 ALTER TABLE `schedule` DISABLE KEYS */;
INSERT INTO `schedule` VALUES (1,1,1,'Monday',1,'306','c'),(2,2,2,'Monday',1,'224','c'),(3,3,1,'Monday',2,'220','c'),(4,3,2,'Monday',2,'220','с'),(5,3,3,'Monday',2,'220','с'),(6,4,1,'Monday',2,'220',''),(7,4,2,'Monday',2,'220',''),(8,4,3,'Monday',2,'220','c'),(9,5,1,'Monday',2,'220','z'),(10,5,2,'Monday',2,'220','z'),(11,5,3,'Monday',2,'220','z'),(12,6,5,'Monday',1,'219',''),(13,7,4,'Monday',3,'220','c'),(14,7,5,'Monday',3,'220','c'),(15,7,4,'Monday',4,'220',''),(16,7,5,'Monday',4,'220',''),(17,8,1,'Thursday',1,'220',''),(18,8,2,'Thursday',1,'220',''),(19,8,3,'Thursday',1,'220',''),(20,8,1,'Friday',4,'220',''),(21,8,2,'Friday',4,'220',''),(22,8,3,'Friday',4,'220',''),(23,9,6,'Monday',1,'216',''),(24,9,7,'Monday',1,'216',''),(25,9,6,'Tuesday',2,'216',''),(26,9,7,'Tuesday',2,'216',''),(27,10,6,'Wednesday',3,'224',''),(28,10,7,'Wednesday',3,'224',''),(29,10,13,'Monday',3,'301','z'),(30,10,14,'Monday',3,'301','z'),(31,10,13,'Monday',4,'415','z'),(32,10,14,'Monday',4,'415','z'),(33,11,8,'Monday',1,'226','c'),(34,11,9,'Monday',1,'226','z'),(35,11,10,'Monday',2,'306','z'),(36,11,8,'Friday',3,'312','c'),(37,11,9,'Friday',3,'312','c'),(38,11,10,'Friday',3,'312','c'),(39,12,9,'Monday',1,'214','c'),(40,12,10,'Monday',1,'214','z'),(41,12,8,'Monday',2,'214','z'),(42,12,8,'Monday',4,'418',''),(43,12,9,'Monday',4,'418',''),(44,12,10,'Monday',4,'418',''),(45,12,11,'Monday',4,'418',''),(46,12,12,'Monday',4,'418',''),(47,12,13,'Tuesday',1,'312',''),(48,12,14,'Tuesday',1,'312',''),(49,12,12,'Tuesday',3,'306','c'),(50,12,11,'Tuesday',3,'306','z'),(51,12,13,'Wednesday',1,'309','c'),(52,12,14,'Wednesday',1,'309','z'),(53,13,NULL,'',NULL,'',''),(54,14,10,'Monday',1,'208','c'),(55,14,8,'Monday',1,'208','z'),(56,14,9,'Monday',2,'226','z'),(57,15,8,'Monday',2,'312','c'),(58,15,9,'Monday',2,'312','c'),(59,15,10,'Monday',2,'312','c'),(60,16,11,'Monday',1,'220','c'),(61,16,12,'Monday',1,'220','c'),(62,17,11,'Monday',1,'210','z'),(63,17,12,'Monday',1,'210','z'),(64,17,11,'Monday',2,'223',''),(65,17,12,'Monday',2,'223',''),(66,17,11,'Tuesday',1,'213',''),(67,18,8,'Monday',3,'415',''),(68,18,9,'Monday',3,'415',''),(69,18,10,'Monday',3,'415',''),(70,18,8,'Thursday',4,'210',''),(71,18,9,'Thursday',4,'210',''),(72,18,10,'Thursday',4,'210',''),(73,19,13,'Monday',1,'304',''),(74,19,14,'Monday',2,'213',''),(75,19,13,'Monday',3,'301','c'),(76,19,14,'Monday',3,'301','c'),(77,20,14,'Monday',1,'309',''),(78,20,13,'Monday',2,'309',''),(79,20,8,'Tuesday',1,'207',''),(80,20,9,'Tuesday',2,'207',''),(81,20,10,'Tuesday',3,'207',''),(82,21,13,'Thursday',3,'312','z'),(83,21,14,'Thursday',3,'312','z'),(84,21,8,'Friday',1,'220',''),(85,21,9,'Friday',1,'220',''),(86,21,10,'Friday',1,'220',''),(87,22,17,'Monday',1,'301',''),(88,22,18,'Monday',1,'301',''),(89,22,18,'Monday',2,'207',''),(90,22,17,'Monday',3,'207',''),(91,23,21,'Monday',4,'213','c'),(92,23,22,'Monday',4,'213','c'),(93,24,19,'Monday',1,'210','c'),(94,24,20,'Monday',1,'210','c'),(95,24,19,'Monday',2,'210',''),(96,24,20,'Monday',2,'210',''),(97,25,17,'Tuesday',3,'216',''),(98,25,18,'Tuesday',3,'216',''),(99,26,1,'Wednesday',2,'220','c'),(100,26,2,'Wednesday',2,'220','c'),(101,26,3,'Wednesday',2,'220','c'),(102,26,4,'Wednesday',2,'301','z'),(103,26,5,'Wednesday',2,'301','z'),(104,26,4,'Wednesday',3,'301',''),(105,26,5,'Wednesday',3,'301',''),(106,26,1,'Wednesday',4,'220',''),(107,26,2,'Wednesday',4,'220',''),(108,26,3,'Wednesday',4,'220',''),(109,27,15,'Friday',2,'210',''),(110,27,16,'Friday',2,'210',''),(111,28,19,'Monday',1,'220','z'),(112,28,20,'Monday',1,'220','z'),(113,28,19,'Wednesday',2,'306',''),(114,28,20,'Wednesday',2,'306',''),(115,29,1,'Monday',2,'220','z'),(116,29,2,'Monday',2,'220','z'),(117,29,3,'Monday',2,'220','z'),(118,30,21,'Monday',1,'312',''),(119,30,22,'Monday',1,'312',''),(120,30,21,'Monday',2,'312','z'),(121,30,22,'Monday',2,'312','z'),(122,30,23,'Friday',2,'214',''),(123,30,23,'Friday',3,'214','c'),(124,31,NULL,'',NULL,'',''),(125,32,9,'Tuesday',1,'226',''),(126,32,8,'Tuesday',2,'226',''),(127,32,8,'Tuesday',3,'226',''),(128,32,9,'Thursday',3,'214',''),(129,33,10,'Tuesday',1,'306',''),(130,33,10,'Tuesday',2,'203',''),(131,34,2,'Tuesday',1,'203',''),(132,34,3,'Tuesday',3,'203',''),(133,34,1,'Tuesday',4,'203',''),(134,34,2,'Thursday',2,'203',''),(135,34,3,'Thursday',3,'203',''),(136,34,1,'Thursday',4,'203',''),(137,35,15,'Thursday',1,'214',''),(138,35,16,'Thursday',2,'214',''),(139,35,15,'Friday',1,'312',''),(140,35,16,'Friday',1,'312',''),(141,36,23,'Monday',1,'203',''),(142,36,23,'Thursday',1,'204','c'),(143,37,6,'Tuesday',1,'305',''),(144,37,12,'Tuesday',2,'305',''),(145,37,4,'Tuesday',3,'305',''),(146,37,10,'Wednesday',1,'305',''),(147,37,14,'Wednesday',3,'305',''),(148,37,11,'Wednesday',4,'305',''),(149,38,7,'Tuesday',1,'208',''),(150,38,9,'Tuesday',3,'208',''),(151,39,17,'Monday',2,'203',''),(152,39,18,'Monday',3,'203',''),(153,39,17,'Tuesday',1,'301',''),(154,39,18,'Tuesday',1,'301',''),(155,40,15,'Wednesday',2,'214',''),(156,40,16,'Wednesday',2,'214',''),(157,41,23,'Monday',1,'203',''),(158,41,23,'Thursday',1,'204','c'),(159,42,21,'Friday',1,'219','z'),(160,42,22,'Friday',1,'219','z'),(161,42,21,'Friday',2,'219',''),(162,42,22,'Friday',2,'219',''),(163,43,NULL,'',NULL,'',''),(164,44,24,'Monday',1,'213',''),(165,44,25,'Monday',1,'213',''),(166,44,25,'Friday',1,'210',''),(167,44,24,'Friday',4,'402',''),(168,45,6,'Monday',2,'301',''),(169,45,7,'Monday',2,'301',''),(170,45,7,'Monday',3,'304',''),(171,45,6,'Monday',4,'301',''),(172,45,6,'Friday',3,'224',''),(173,45,7,'Friday',3,'224',''),(174,46,NULL,'',NULL,'',''),(175,47,13,'Thursday',2,'301',''),(176,47,14,'Thursday',2,'301',''),(177,47,13,'Thursday',3,'301','c'),(178,47,14,'Thursday',3,'301','c'),(179,48,NULL,'',NULL,'',''),(180,49,21,'Wednesday',3,'213','z'),(181,49,22,'Wednesday',3,'213','z'),(182,49,21,'Wednesday',4,'213',''),(183,49,22,'Wednesday',4,'213',''),(184,50,20,'Monday',3,'210','c'),(185,50,19,'Monday',3,'210','z'),(186,50,19,'Monday',4,'210','c'),(187,50,20,'Monday',4,'210','c'),(188,50,19,'Saturday',4,'213','c'),(189,50,20,'Saturday',4,'213','z'),(190,51,21,'Thursday',2,'304','z'),(191,51,22,'Thursday',2,'304','z'),(192,51,23,'Friday',1,'306',''),(193,51,21,'Friday',3,'306',''),(194,51,22,'Friday',3,'306',''),(195,52,1,'Friday',2,'220',''),(196,52,2,'Friday',2,'220',''),(197,52,3,'Friday',2,'220',''),(198,53,15,'Monday',4,'1 корпус',''),(199,53,16,'Monday',4,'1 корпус',''),(200,53,15,'Monday',5,'1 корпус',''),(201,53,16,'Monday',5,'1 корпус',''),(202,53,17,'Thursday',5,'1 корпус',''),(203,53,18,'Thursday',5,'1 корпус',''),(204,53,15,'Friday',5,'1 корпус',''),(205,53,16,'Friday',5,'1 корпус',''),(206,54,NULL,'',NULL,'',''),(207,55,1,'Thursday',1,'220',''),(208,55,2,'Thursday',1,'220',''),(209,55,3,'Thursday',1,'220',''),(210,55,1,'Friday',4,'220',''),(211,55,2,'Friday',4,'220',''),(212,55,3,'Friday',4,'220',''),(213,56,3,'Thursday',2,'226',''),(214,56,1,'Thursday',3,'226',''),(215,56,2,'Thursday',4,'226',''),(216,57,8,'Wednesday',3,'312',''),(217,57,9,'Wednesday',3,'312',''),(218,57,10,'Wednesday',3,'312',''),(219,57,8,'Wednesday',4,'312','c'),(220,57,9,'Wednesday',4,'312','z'),(221,57,10,'Wednesday',4,'312','c'),(222,58,17,'Wednesday',2,'312',''),(223,58,18,'Wednesday',2,'312',''),(224,59,NULL,'',NULL,'',''),(225,60,12,'Wednesday',1,'223',''),(226,60,11,'Wednesday',3,'223',''),(227,60,11,'Thursday',4,'224','c'),(228,60,12,'Thursday',4,'224','c'),(229,60,12,'Thursday',4,'201','z'),(230,60,11,'Friday',1,'223','c'),(231,61,17,'Thursday',2,'216','c'),(232,61,18,'Thursday',2,'216','c'),(233,61,18,'Thursday',3,'223','z'),(234,61,17,'Friday',1,'223','z'),(235,61,17,'Friday',4,'223',''),(236,62,15,'Friday',2,'223',''),(237,62,16,'Friday',2,'223',''),(238,63,21,'Friday',3,'216',''),(239,63,22,'Friday',3,'216',''),(240,63,21,'Friday',4,'216',''),(241,63,22,'Friday',4,'216',''),(242,64,NULL,'',NULL,'',''),(243,65,NULL,'',NULL,'',''),(244,66,18,'Saturday',2,'210',''),(245,66,17,'Saturday',3,'210',''),(246,66,18,'Saturday',3,'210',''),(247,66,17,'Saturday',4,'210',''),(248,67,15,'Wednesday',1,'220','z'),(249,67,16,'Wednesday',1,'220','z'),(250,67,23,'Wednesday',1,'220','z'),(251,67,15,'Saturday',1,'216',''),(252,67,16,'Saturday',2,'216',''),(253,67,23,'Saturday',3,'216',''),(254,67,23,'Saturday',4,'216',''),(255,68,21,'Tuesday',1,'201',''),(256,68,22,'Tuesday',1,'201',''),(257,68,21,'Friday',1,'224','c'),(258,68,22,'Friday',1,'224','c'),(259,69,19,'Friday',1,'213',''),(260,69,20,'Friday',1,'213',''),(261,69,19,'Friday',2,'213',''),(262,69,20,'Friday',2,'213',''),(263,70,21,'Monday',2,'216','c'),(264,70,22,'Monday',2,'216','c'),(265,70,21,'Monday',3,'216',''),(266,70,22,'Monday',3,'216',''),(267,70,15,'Friday',4,'213',''),(268,70,16,'Friday',4,'213',''),(269,70,15,'Friday',5,'213','c'),(270,70,16,'Friday',5,'213','c'),(271,71,5,'Tuesday',4,'213',''),(272,71,4,'Friday',3,'213',''),(273,72,21,'Wednesday',2,'224',''),(274,72,22,'Wednesday',2,'224',''),(275,73,NULL,'',NULL,'',''),(276,74,19,'Saturday',2,'Юр.фак',''),(277,74,20,'Saturday',2,'Юр.фак',''),(278,74,21,'Saturday',2,'Юр.фак',''),(279,74,22,'Saturday',2,'Юр.фак',''),(280,74,23,'Saturday',2,'Юр.фак',''),(281,75,NULL,'',NULL,'',''),(282,76,15,'Saturday',5,'Online','c'),(283,76,16,'Saturday',5,'Online','c'),(284,76,17,'Saturday',5,'Online','c'),(285,76,18,'Saturday',5,'Online','c'),(286,77,24,'Saturday',1,'309',''),(287,77,25,'Saturday',1,'309',''),(288,77,24,'Saturday',2,'309',''),(289,77,25,'Saturday',2,'309',''),(290,78,1,'Wednesday',1,'120',''),(291,78,2,'Wednesday',1,'120',''),(292,78,3,'Wednesday',1,'120',''),(293,78,4,'Wednesday',1,'120',''),(294,78,5,'Wednesday',1,'120',''),(295,78,6,'Wednesday',2,'120',''),(296,78,7,'Wednesday',2,'120',''),(297,78,8,'Wednesday',2,'120',''),(298,78,9,'Wednesday',2,'120',''),(299,78,10,'Wednesday',2,'120',''),(300,78,11,'Wednesday',2,'120',''),(301,78,12,'Wednesday',2,'120',''),(302,78,13,'Wednesday',2,'120',''),(303,78,14,'Wednesday',2,'120',''),(304,78,15,'Wednesday',3,'120',''),(305,78,16,'Wednesday',3,'120',''),(306,78,17,'Wednesday',3,'120',''),(307,78,18,'Wednesday',3,'120',''),(308,78,19,'Wednesday',3,'120',''),(309,78,20,'Wednesday',3,'120',''),(310,78,1,'Friday',1,'120',''),(311,78,2,'Friday',1,'120',''),(312,78,3,'Friday',1,'120',''),(313,78,4,'Friday',1,'120',''),(314,78,5,'Friday',1,'120',''),(315,78,6,'Friday',1,'120',''),(316,78,7,'Friday',2,'120',''),(317,78,8,'Friday',2,'120',''),(318,78,9,'Friday',2,'120',''),(319,78,10,'Friday',2,'120',''),(320,78,11,'Friday',2,'120',''),(321,78,12,'Friday',2,'120',''),(322,78,13,'Friday',2,'120',''),(323,78,14,'Friday',2,'120',''),(324,78,15,'Friday',3,'120',''),(325,78,16,'Friday',3,'120',''),(326,78,17,'Friday',3,'120',''),(327,78,18,'Friday',3,'120','z'),(328,78,19,'Friday',3,'120',''),(329,78,20,'Friday',3,'120',''),(330,79,13,'Monday',4,'219','c'),(331,79,14,'Monday',4,'219','c'),(332,79,13,'Friday',1,'226',''),(333,79,14,'Friday',4,'226',''),(334,80,NULL,'',NULL,'',''),(335,81,19,'Monday',3,'208','c'),(336,81,20,'Monday',3,'208','z'),(337,81,19,'Wednesday',1,'219',''),(338,81,20,'Wednesday',1,'219',''),(339,82,24,'Monday',2,'304','z'),(340,82,25,'Monday',2,'304','z'),(341,82,24,'Wednesday',3,'309','c'),(342,82,25,'Wednesday',3,'309','c'),(343,83,6,'Wednesday',2,'219','c'),(344,83,7,'Wednesday',2,'219','c'),(345,83,7,'Thursday',2,'207',''),(346,83,6,'Thursday',3,'207',''),(347,84,NULL,'',NULL,'',''),(348,85,14,'Friday',1,'214',''),(349,85,13,'Friday',4,'214',''),(350,86,7,'Tuesday',3,'304',''),(351,86,6,'Thursday',1,'219',''),(352,86,7,'Thursday',1,'219',''),(353,87,5,'Tuesday',1,'304',''),(354,87,4,'Tuesday',2,'312',''),(355,87,4,'Thursday',2,'219',''),(356,87,5,'Thursday',3,'219',''),(357,87,4,'Thursday',4,'220',''),(358,87,5,'Thursday',4,'220',''),(359,88,17,'Thursday',1,'306',''),(360,88,18,'Thursday',1,'306',''),(361,88,17,'Friday',1,'219','c'),(362,88,18,'Friday',1,'219','c'),(363,89,21,'Friday',1,'224','z'),(364,89,22,'Friday',1,'224','z'),(365,89,21,'Friday',2,'304',''),(366,89,22,'Friday',2,'304',''),(367,90,13,'Friday',3,'219',''),(368,90,14,'Friday',3,'219',''),(369,91,NULL,'',NULL,'',''),(370,92,NULL,'',NULL,'',''),(371,93,12,'Tuesday',1,'224',''),(372,93,11,'Tuesday',2,'224',''),(373,93,11,'Friday',3,'301',''),(374,93,12,'Friday',3,'301',''),(375,94,NULL,'',NULL,'',''),(376,95,NULL,'',NULL,'',''),(377,96,NULL,'',NULL,'',''),(378,97,NULL,'',NULL,'',''),(379,98,24,'Monday',2,'304','c'),(380,98,25,'Monday',2,'304','c'),(381,98,24,'Tuesday',1,'204','c'),(382,98,25,'Tuesday',1,'204','z'),(383,98,24,'Wednesday',4,'224','c'),(384,98,25,'Wednesday',4,'224','c'),(385,99,13,'Monday',3,'301','z'),(386,99,14,'Monday',3,'301','z'),(387,99,13,'Monday',4,'415','z'),(388,99,14,'Monday',4,'415','z'),(389,99,6,'Wednesday',3,'224',''),(390,99,7,'Wednesday',3,'224',''),(391,100,NULL,'',NULL,'',''),(392,101,24,'Thursday',2,'304','c'),(393,101,25,'Thursday',2,'304','c'),(394,102,NULL,'',NULL,'',''),(395,103,15,'Wednesday',4,'223',''),(396,103,16,'Wednesday',4,'223',''),(397,103,17,'Thursday',1,'223',''),(398,103,18,'Thursday',1,'223',''),(399,104,15,'Thursday',2,'223',''),(400,104,15,'Thursday',3,'216',''),(401,104,16,'Thursday',3,'216',''),(402,104,16,'Thursday',4,'223',''),(403,105,23,'Tuesday',2,'\"Тензор\"',''),(404,105,24,'Thursday',5,'\"Тензор\"',''),(405,105,25,'Thursday',5,'\"Тензор\"',''),(406,105,21,'Friday',5,'\"Тензор\"',''),(407,105,22,'Friday',5,'\"Тензор\"',''),(408,106,17,'Wednesday',1,'201',''),(409,106,18,'Wednesday',1,'201',''),(410,106,15,'Wednesday',2,'201',''),(411,106,16,'Wednesday',2,'201',''),(412,106,19,'Wednesday',4,'201',''),(413,106,20,'Wednesday',4,'201',''),(414,106,19,'Wednesday',5,'201','c'),(415,106,20,'Wednesday',5,'201','c'),(416,107,21,'Wednesday',1,'301','c'),(417,107,22,'Wednesday',1,'301','c'),(418,107,23,'Wednesday',1,'301','c'),(419,108,24,'Wednesday',1,'224','c'),(420,108,25,'Wednesday',1,'224','z'),(421,108,24,'Wednesday',2,'309','c'),(422,108,25,'Wednesday',2,'309','c'),(423,109,24,'Wednesday',1,'214','z'),(424,109,25,'Wednesday',1,'214','c'),(425,109,24,'Wednesday',3,'309','z'),(426,109,25,'Wednesday',3,'309','z'),(427,110,15,'Monday',4,'226',''),(428,110,16,'Monday',4,'226',''),(429,110,15,'Monday',5,'226','c'),(430,110,16,'Monday',5,'226','c'),(431,111,21,'Tuesday',2,'304',''),(432,111,22,'Tuesday',2,'304',''),(433,111,21,'Wednesday',3,'304','c'),(434,111,22,'Wednesday',3,'304','c'),(435,112,15,'Monday',2,'224','z'),(436,112,16,'Monday',2,'224','z'),(437,112,15,'Monday',3,'312',''),(438,112,16,'Monday',3,'312',''),(439,113,23,'Wednesday',2,'210',''),(440,113,23,'Wednesday',3,'210',''),(441,113,21,'Wednesday',3,'210','z'),(442,113,22,'Wednesday',3,'210','z'),(443,113,21,'Wednesday',4,'210',''),(444,113,22,'Wednesday',4,'210',''),(445,114,1,'Thursday',2,'213',''),(446,114,2,'Thursday',3,'213',''),(447,114,3,'Thursday',4,'213',''),(448,115,13,'Tuesday',2,'210','c'),(449,115,14,'Tuesday',2,'210','c'),(450,115,13,'Tuesday',3,'223',''),(451,115,14,'Thursday',1,'210',''),(452,116,11,'Thursday',2,'224',''),(453,116,12,'Thursday',2,'224',''),(454,117,NULL,'',NULL,'',''),(455,118,13,'Tuesday',2,'210',''),(456,118,14,'Tuesday',2,'210',''),(457,118,13,'Tuesday',3,'223',''),(458,118,14,'Thursday',1,'210',''),(459,119,21,'Wednesday',5,'210',''),(460,119,22,'Wednesday',5,'210',''),(461,119,23,'Wednesday',5,'210',''),(462,120,4,'Tuesday',1,'219',''),(463,120,5,'Tuesday',2,'219',''),(464,120,4,'Thursday',1,'312',''),(465,120,5,'Thursday',1,'312',''),(466,121,6,'Thursday',2,'306',''),(467,121,7,'Thursday',3,'306',''),(468,121,6,'Thursday',4,'312',''),(469,121,7,'Thursday',4,'312',''),(470,122,NULL,'',NULL,'',''),(471,123,8,'Thursday',3,'204',''),(472,123,13,'Thursday',4,'204',''),(473,124,24,'Thursday',2,'304','c'),(474,124,25,'Thursday',2,'304','c'),(475,125,24,'Thursday',3,'304','z'),(476,125,25,'Thursday',3,'304','z'),(477,126,24,'Thursday',3,'402','c'),(478,126,25,'Thursday',3,'402','c'),(479,126,24,'Thursday',4,'216',''),(480,126,25,'Thursday',4,'216',''),(481,127,16,'Monday',1,'402','c'),(482,127,15,'Monday',1,'402','z'),(483,127,15,'Monday',2,'224','c'),(484,127,16,'Monday',2,'224','c'),(485,127,23,'Thursday',2,'405',''),(486,128,NULL,'',NULL,'',''),(487,129,NULL,'',NULL,'',''),(488,130,NULL,'',NULL,'',''),(489,131,NULL,'',NULL,'',''),(490,132,8,'Friday',3,'210','z'),(491,132,9,'Friday',3,'210','z'),(492,132,10,'Friday',3,'210','z'),(493,132,8,'Friday',4,'210',''),(494,132,9,'Friday',4,'210',''),(495,132,10,'Friday',4,'210',''),(496,132,11,'Friday',4,'210',''),(497,132,12,'Friday',4,'210',''),(498,132,8,'Friday',5,'210','c'),(499,132,9,'Friday',5,'210','c'),(500,132,10,'Friday',5,'210','c'),(501,132,11,'Friday',5,'210','c'),(502,132,12,'Friday',5,'210','c'),(503,133,2,'Monday',1,'224','c'),(504,133,3,'Monday',1,'224','z'),(505,133,2,'Monday',3,'224',''),(506,133,3,'Monday',3,'301',''),(507,134,3,'Tuesday',2,'204',''),(508,134,1,'Tuesday',3,'204',''),(509,135,24,'Tuesday',2,'213',''),(510,135,25,'Tuesday',2,'213',''),(511,136,24,'Friday',2,'201',''),(512,136,25,'Friday',2,'201',''),(513,137,22,'Thursday',1,'410','c'),(514,137,21,'Thursday',1,'410','z'),(515,137,21,'Thursday',2,'410','c'),(516,137,22,'Thursday',2,'410','c'),(517,137,18,'Friday',1,'410','z'),(518,137,17,'Friday',2,'410','c'),(519,137,18,'Friday',2,'410','c'),(520,137,24,'Friday',3,'410',''),(521,137,25,'Friday',3,'410','');
/*!40000 ALTER TABLE `schedule` ENABLE KEYS */;
UNLOCK TABLES;

--
-- Table structure for table `teachers`
--

DROP TABLE IF EXISTS `teachers`;
/*!40101 SET @saved_cs_client     = @@character_set_client */;
/*!50503 SET character_set_client = utf8mb4 */;
CREATE TABLE `teachers` (
  `TeacherID` int(11) NOT NULL AUTO_INCREMENT,
  `Name` text DEFAULT NULL,
  `Mail` text DEFAULT NULL,
  `Phone` text DEFAULT NULL,
  PRIMARY KEY (`TeacherID`)
) ENGINE=InnoDB AUTO_INCREMENT=87 DEFAULT CHARSET=utf8mb4 COLLATE=utf8mb4_general_ci;
/*!40101 SET character_set_client = @saved_cs_client */;

--
-- Dumping data for table `teachers`
--

LOCK TABLES `teachers` WRITE;
/*!40000 ALTER TABLE `teachers` DISABLE KEYS */;
INSERT INTO `teachers` VALUES (1,'Абрамов Сергей Михайлович','abram@botik.ru','+7 903 292-83-08'),(2,'Алешин Сергей Владимирович','fktiby@yandex.ru','+7 903 822-00-21'),(3,'Антонов Анатолий Игоревич','anatoly.i.antonov@gmail.com','+7 915 969-38-61'),(4,'Прикладная физическая культура','',''),(5,'Ануфриенко Маргарита Вадимовна','rita_anufrienko@rambler.ru','+7 905 137-38-84'),(6,'Адрианова ','',''),(7,'Бакаева Евгения Александровна','evgeniya-bakaeva@yandex.ru',''),(8,'Башкин Владимир Анатольевич','v_bashkin@mail.ru','+7 910 971-83-42'),(9,'Белов Юрий Анатольевич','belov45@yandex.ru','+7 980 664-07-45'),(10,'Бизин Олег Евгеньевич (cisco)','bizinoleg@gmail.com','+7 980 700-28-10'),(11,'Богомолов Юрий Викторович','yuribogomolov@gmail.com','+7 909 281-15-54'),(12,'Бондаренко Владимир Александрович','bond@bond.edu.yar.ru','+7 910 969-75-49'),(13,'Бугрова Ирина Константиновна','lisali56@mail.ru','+7 915 960-87-22'),(14,'Василиади Натела Гаспаровна','ngvasiliadi@mail.ru',''),(15,'Васильев Андрей Михайлович','vamonster@gmail.com',''),(16,'Васильев Владимир Федорович','',''),(17,'Васильчиков Владимир Васильевич','vasilch@uniyar.ac.ru','+7 962 209-24-01'),(18,'Виноградова Мария Вадимовна','marivinogradova@mail.ru','+7 910 821-66-83'),(19,'Волченков Сергей Геннадьевич','volchenkov@yandex.ru','+7 905 132-03-10'),(20,'Гладких Игорь Петрович','i.gladkikh@uniyar.ac.ru','+7 910 972-15-42'),(21,'Глызин Сергей Дмитриевич','glyzin@uniyar.ac.ru','+7 910 962-62-36'),(22,'Горбунов Олег Евгеньевич','falcongeo@bk.ru','+7 909 276-40-32'),(23,'Практика управления проектами демидонлайн','',''),(24,'Дудина Ирада Мехтиевна','ax81081@rambler.ru','+7 915 976-23-30'),(25,'Леванова (Дунаева) Ольга Александровна','olaydy@gmail.com','+7 920 103-34-53'),(26,'Евграфова Ирина Вячеславовна (деканат)','i.evgrafova@uniyar.ac.ru',''),(27,'Зеркалина Елена Игоревна','','+7 910 960-46-57'),(28,'Калёнова Анастасия Андреевна (деканат)','a.kalenova@uniyar.ac.ru',''),(29,'Кашапов Артем Сергеевич','yarmirko@mail.ru','+7 920 656-11-89'),(30,'Кожарин Асександр Алексеевич','','+7 920 118-90-14'),(31,'Коновалов Евгений Владиславович','kinnarts@mail.ru','+7 915 985-99-63'),(32,'Короткин Алексей Абрамович','alakor@yandex.ru','+7 910 970-11-69'),(33,'Краснов Михаил Владимирович','kmvivt@uniyar.ac.ru','+7 920 110-50-11'),(34,'Кузьмин Егор Владимирович','kuzmin@uniyar.ac.ru','+7 905 130-65-69'),(35,'Кулев Александр Геннадьевич','kulev1984@mail.ru','+7 903 646-29-09'),(36,'Куликова Светлана Васильевна (медпункт)','','+7 961 161-84-74'),(37,'Лавровская Ольга Борисовна','olavr@bk.ru','+7 920 656-55-22'),(38,'Лагутина Надежда Станиславовна','lagutinans@rambler.ru','+7 903 646-72-61'),(39,'Лагутина Ксения Владимировна','ksenia.lagutina@fruct.org',''),(40,'Лазарева Екатерина Геннадьевна','rinalaz@mail.ru','+7 980 773-55-94'),(41,'Ларина Юлия Александровна','lar_u_a@mail.ru','+7 903 823-04-64'),(42,'Легков Николай Васильевич','','+7 906 637-87-75'),(43,'Люсин Александр Викторович','a.lyusin@uniyar.ac.ru',''),(44,'Максименко Александр Николаевич','maximenko.a.n@gmail.com','+7 909 281-38-78'),(45,'Мастакова Наталия Константиновна','masnatalia@yandex.ru','+7 906 525-75-68'),(46,'Митрофанов Виктор Анатольевич','mitr_eti@rambler.ru','+7 905 635-82-33'),(47,'Морозов Анатолий Николаевич','moroz@uniyar.ac.ru','+7 903 825-14-55'),(48,'Мусин Марат Замирович','mzmusin@mail.ru mu_sin@mail.ru','+7 910 817-13-50'),(49,'Николаев Андрей Валерьевич','andrei.v.nikolaev@gmail.com','+7 905 630-45-00'),(50,'Носков Антон Николаевич','','+7 910 664-10-47'),(51,'Орлова Наталья Борисовна (студ. отдел кадров; 1 корпус)','n.orlova@uniyar.ac.ru','+7 485 279-77-68'),(52,'Парамонов Илья Вячеславович','i.paramonov@uniyar.ac.ru ivparamonov@gmail.com','+7 905 633-39-93'),(53,'Парфенов Павел Геннадьевич','parfenov@uniyar.ac.ru pavel-parfe@yandex.ru','+7 915 974-77-82'),(54,'Рублев Вадим Сергеевич','rublev37@mail.ru','+7 909 280-12-60'),(55,'Седов Анатолий Геннадьевич','agsedov@gmail.com',''),(56,'Смирнов Александр Валерьевич','a.smirnov1@uniyar.ac.ru',''),(57,'Смирнов Ярослав Александрович','anibelle@bk.ru','+7 920 135-76-20'),(58,'Соколов Валерий Анатольевич','valery-sokolov@yandex.ru','+7 910 977-94-41'),(59,'Спиридонова Елена Михайловна','lena_21083@mail.ru','+7 915 979-80-09'),(60,'Сухопарова Антонина Викторовна','ant-sukhoparov@yandex.ru','+7 903 826-05-74'),(61,'Тимофеев Евгений Алекандрович','timofeevea@gmail.com','+7 910 816-13-11'),(62,'Толбей Анна Олеговна','bekva@yandex.ru','+7 905 630-59-20'),(63,'Трушин Олег Станиславович','otrushin@gmail.com','+7 906 528-59-33'),(64,'Углецова Юлия Сергеевна (Деканат)','y.ugletsova@uniyar.ac.ru','+7 999 233-46-55'),(65,'Уткин Павел Григорьевич','p_ytkin@mail.ru','+7 915 991-61-73'),(66,'Харлушина Алла Александровна','alla-la28yanv@mail.ru','+7 915 964-87-85'),(67,'Чалый Дмитрий Юрьевич','dmitry.chaly@gmail.com','+7 910 977-88-99'),(68,'Чистяков Александр Евгеньевич','alex-ch7@mail.ru','+7 910 978-10-54'),(69,'Шабаршина Галина Владимировна','shegeve@yandex.ru','+7 910 666-36-07'),(70,'Шабаршин Владимир Анатольевич','Ел','+7 909 279-95-14'),(71,'Шовгенов Джамболет Азаматович','',''),(72,'Яблоков Станислав Николаевич','','+7 962 204-01-53'),(73,'Сажин','',''),(74,'Федулов','',''),(75,'Умнова','',''),(76,'Матвеев','',''),(77,'Аверина','',''),(78,'Середняков','',''),(79,'Полетаев','',''),(80,'Бегунов','',''),(81,'Корсаков','',''),(82,'Марушкина','',''),(83,'Семенова','',''),(84,'Киселева','',''),(85,'Чвягина','',''),(86,'Чувилина','','');
/*!40000 ALTER TABLE `teachers` ENABLE KEYS */;
UNLOCK TABLES;

--
-- Dumping routines for database 'lastdb_3_1_24'
--
/*!40103 SET TIME_ZONE=@OLD_TIME_ZONE */;

/*!40101 SET SQL_MODE=@OLD_SQL_MODE */;
/*!40014 SET FOREIGN_KEY_CHECKS=@OLD_FOREIGN_KEY_CHECKS */;
/*!40014 SET UNIQUE_CHECKS=@OLD_UNIQUE_CHECKS */;
/*!40101 SET CHARACTER_SET_CLIENT=@OLD_CHARACTER_SET_CLIENT */;
/*!40101 SET CHARACTER_SET_RESULTS=@OLD_CHARACTER_SET_RESULTS */;
/*!40101 SET COLLATION_CONNECTION=@OLD_COLLATION_CONNECTION */;
/*!40111 SET SQL_NOTES=@OLD_SQL_NOTES */;

-- Dump completed on 2024-01-05 20:15:42
